{
  "train_loss": [
    0.7750908136367798,
    0.7307847142219543,
    0.7062640488147736,
    0.689379870891571,
    0.6729264259338379,
    0.6600625514984131
  ],
  "val_dice": [
    4.99950004974505e-11,
    4.99950004974505e-11,
    0.28757949714494463,
    0.5146063812886129,
    0.6229635176054591,
    0.5173753809231825
  ],
  "val_iou": [
    4.99950004974505e-11,
    4.99950004974505e-11,
    0.1679374293291388,
    0.34644445406733543,
    0.45239434509122156,
    0.34895911903475335
  ],
  "val_precision": [
    1.0,
    1.0,
    0.9125902165430125,
    0.7175176607603042,
    0.6441347642883157,
    0.359088792312964
  ],
  "val_recall": [
    4.99950004974505e-11,
    4.99950004974505e-11,
    0.17068293174829102,
    0.40115988404153785,
    0.6031396860512379,
    0.925207479255814
  ]
}