{
  "train_loss": [
    0.7045723370143345
  ],
  "val_dice": [
    0.6776479601670629
  ],
  "val_iou": [
    0.5124565469434399
  ],
  "val_precision": [
    0.5492424242564194
  ],
  "val_recall": [
    0.8844115588498944
  ]
}