{
  "train_loss": [
    0.7575573214778194,
    0.6950800727914881,
    0.6527942706037451,
    0.6165314625810694,
    0.5819625854492188,
    0.5464539285059329,
    0.5121672274889769,
    0.47946704648159166,
    0.4495123205361543,
    0.4147003867008068,
    0.3784584027749521,
    0.3529292902460805,
    0.3146921743949254,
    0.2785103227253313,
    0.23564107550515068,
    0.21170776806495809,
    0.1901518498305921,
    0.1614041209772781,
    0.14492645790731465,
    0.1410142790388178,
    0.1269478193587727,
    0.11507895105966816,
    0.10802404899840001,
    0.1056534596891315,
    0.09557629942342087,
    0.0994279655041518,
    0.0949670387500966,
    0.09263996027961925,
    0.08360851542265327,
    0.1031710480650266
  ],
  "val_dice": [
    0.17005559968464184,
    0.6563286207318677,
    0.7732697529667758,
    0.7480517505765799,
    0.9178594720777493,
    0.9051004252956089,
    0.8896580784991324,
    0.9275453717341542,
    0.7027370352544404,
    0.6643046944236044,
    0.9049659769917674,
    0.8987157704627403,
    0.9442295613087337,
    0.9325638491226514,
    0.789231691879933,
    0.9329057807227583,
    0.8768735034162523,
    0.953583822745035,
    0.8819065012068036,
    0.9470511012796057,
    0.8607310636571762,
    0.9302103250490367,
    0.925645127635709,
    0.9574077847979517,
    0.9527767283725526,
    0.9006313177407468,
    0.9034096097320268,
    0.9431327544429139,
    0.956225013800642,
    0.9036292300161901
  ],
  "val_iou": [
    0.09292938061829033,
    0.4884591804694461,
    0.630350278589592,
    0.5975101214656374,
    0.8481887965536957,
    0.8266515452274836,
    0.8012469503984482,
    0.8648807579266619,
    0.5417074674583522,
    0.4973474801145394,
    0.8264272689065387,
    0.8160616000495896,
    0.8943512024081177,
    0.8736483660949386,
    0.651843698411627,
    0.87424874380524,
    0.7807433143877462,
    0.9112854364006733,
    0.7887591710012114,
    0.8994274104205323,
    0.7555117463527021,
    0.8695263628282685,
    0.8615822866806429,
    0.9182955433959378,
    0.9098124098153676,
    0.8192259178178575,
    0.8238350597933639,
    0.8923852625856579,
    0.9161217948744833,
    0.8242004025994129
  ],
  "val_precision": [
    0.09292995684590961,
    0.49251512013411775,
    0.6412487093380512,
    0.6031139535439997,
    0.9452103216703708,
    0.8463280116154912,
    0.810429918847049,
    0.976612070238431,
    0.5427211452947202,
    0.5002955332348172,
    0.8386141714396728,
    0.830349314104643,
    0.9357840246400699,
    0.8930687022933415,
    0.6571384185255523,
    0.9825416159161945,
    0.7872498540318688,
    0.9538384512698986,
    0.7998750916501514,
    0.9209456264800332,
    0.9804289429932022,
    0.9910593028523065,
    0.9667296237117997,
    0.9750933997517955,
    0.9817396843378251,
    0.9939589206607347,
    0.9981033856584438,
    0.9088378135951731,
    0.9589358204462396,
    0.8357904286732879
  ],
  "val_recall": [
    0.9999332799573014,
    0.9834200693893975,
    0.9737456631981003,
    0.9846877502006709,
    0.8920469709136627,
    0.9726447824935733,
    0.9860555110759923,
    0.8831732052347487,
    0.996563917801022,
    0.9882906325063955,
    0.9827195089410622,
    0.9793501467847828,
    0.9528289298120887,
    0.975713904457709,
    0.9877902321861559,
    0.8880437683517466,
    0.9895249532963195,
    0.9533293301323282,
    0.982686148919713,
    0.9746797437958807,
    0.767080330939182,
    0.8764011209008407,
    0.8879103282663494,
    0.9403522818274502,
    0.9254737123056621,
    0.8233253269341031,
    0.8251267680869654,
    0.9801174272758167,
    0.953529490260424,
    0.9834534294107469
  ]
}