{
  "train_loss": [
    0.7045723370143345,
    0.6455959805420467,
    0.6198346444538662,
    0.5850058368274144,
    0.5527125469275883,
    0.5249025438513074,
    0.5008628559964043,
    0.47813047894409727,
    0.45631360369069235,
    0.4323259528194155,
    0.4086517585175378,
    0.3867895667042051
  ],
  "val_dice": [
    0.6776479601670629,
    0.28465214326410154,
    0.787397479500152,
    0.2562896808919508,
    0.8832866898044713,
    0.8430525711158213,
    0.926809808754504,
    0.9212464852573317,
    0.9562745844447081,
    0.8737610040607189,
    0.9386138613875857,
    0.9011174074349442
  ],
  "val_iou": [
    0.5124565469434399,
    0.16594426731129647,
    0.6493450790310025,
    0.1469795057636146,
    0.7909699667271756,
    0.7286870172957453,
    0.8636025713970524,
    0.85399164190022,
    0.916212799070404,
    0.775822012215955,
    0.8843283582140935,
    0.8200306507136631
  ],
  "val_precision": [
    0.5492424242564194,
    0.16596769506152917,
    0.6562958516854643,
    0.1469795057636146,
    0.7998215951100912,
    0.7337876375047669,
    0.8733029673252862,
    0.8606660587963759,
    0.9710354068973336,
    0.7850966328039412,
    0.8880363993269678,
    0.8270186724663929
  ],
  "val_recall": [
    0.8844115588498944,
    0.9991500849915433,
    0.9839516048403184,
    1.0,
    0.9862013798627036,
    0.9905509449059818,
    0.9873012698736475,
    0.9910008999104589,
    0.94195580442246,
    0.9850014998507648,
    0.9953004699532396,
    0.9898010198985201
  ]
}