{
  "train_loss": [
    0.7465761679190176,
    0.6682102393220972,
    0.6272040671772428,
    0.5946680704752604,
    0.5618354170410721,
    0.5323650130519161,
    0.5048953283716131,
    0.47623923752042985,
    0.45136636054074325,
    0.42069517572720844,
    0.3936916446244275,
    0.36393975659652994,
    0.3406224548816681,
    0.30548997940840544,
    0.27093783848815495,
    0.24017038665435933,
    0.21070941344455438,
    0.1954071753554874,
    0.18474794758690727,
    0.17312911539166062,
    0.17218940898224158,
    0.14527780562639236,
    0.12743978754237847,
    0.114584027617066,
    0.1057664332566438,
    0.1059742477481012,
    0.10148251580971258,
    0.1149644782697713,
    0.11542908640371428,
    0.10580569229744098
  ],
  "val_dice": [
    0.3807682359067462,
    0.5155511149816492,
    0.84064018291168,
    0.6604162466153594,
    0.797428341818947,
    0.8982052462049669,
    0.8677957123748541,
    0.9181543357212704,
    0.8428717135108388,
    0.9172932330839942,
    0.9119232143148163,
    0.9340694920175507,
    0.9178514208631782,
    0.9431566317272458,
    0.8696188769082658,
    0.9360965539155773,
    0.9503239037737178,
    0.8956638322118742,
    0.41371528258927726,
    0.9112655086863314,
    0.9263715448308129,
    0.9540550005844595,
    0.9546264242268909,
    0.9471066907784309,
    0.9422972757695985,
    0.9536202432076827,
    0.9527734499346171,
    0.8501943859314222,
    0.9446936725821109,
    0.953001839202033
  ],
  "val_iou": [
    0.2351536354185325,
    0.34730135890189157,
    0.7250899768346623,
    0.49300108705589096,
    0.6631025572560122,
    0.8152201152837352,
    0.7664656651305696,
    0.8486925316984236,
    0.728416825823211,
    0.8472222222266155,
    0.8381055696754659,
    0.8762949226283318,
    0.8481750459792359,
    0.8924280172855521,
    0.7693147551271364,
    0.879869839093654,
    0.9053496666179144,
    0.8110427407347067,
    0.26080770876346715,
    0.8369951682062481,
    0.8628418335719659,
    0.9121464332436574,
    0.9131916535410349,
    0.899527694292476,
    0.8908904687344592,
    0.9113519609099313,
    0.9098064309739303,
    0.7394244518666758,
    0.895184315719333,
    0.9102230308381624
  ]
}