{
  "train_loss": [
    0.9678292362778275,
    0.9565213477170026,
    0.9220679049138669,
    0.9032344023386637,
    0.869668307127776,
    0.8224720623758104,
    0.9108392618320607,
    0.8531115187538995,
    0.8482296775888514,
    0.8121775123808119,
    0.7933849824799432,
    0.7257082605803454,
    0.7023929467907658,
    0.690524532839104,
    0.6273267335361905,
    0.6163907878928714,
    0.5678403841124641,
    0.6147408551639981,
    0.6008249819278717,
    0.6948073969946967,
    0.6451536229363194,
    0.6844155998141678,
    0.5731003284454346,
    0.7240204800058294,
    0.6537125094069375,
    0.5400741574940858
  ],
  "val_dice": [
    0.20182953978438878,
    0.34510179417350195,
    0.745048932206168,
    0.06910986217780705,
    0.5129369533068114,
    0.8236175809345401,
    0.04054728555358181,
    0.28162863905552094,
    0.8982775214911839,
    0.6920935613355496,
    0.47308987225966875,
    0.9052107224787627,
    0.049419351110684996,
    0.7860438534160493,
    0.7614865307758867,
    0.916688882965931,
    0.9146212870899434,
    0.6847423335291692,
    0.003756796869212167,
    0.8426005658776817,
    0.6159000504272968,
    0.9050184963107883,
    0.8873291330480209,
    0.4600338082670244,
    0.6997916996613622,
    0.859738922375447
  ],
  "val_iou": [
    0.11224160570582539,
    0.20853354784185676,
    0.593687635583651,
    0.035791711203662153,
    0.34493288933143906,
    0.7001274140030448,
    0.02069316868700223,
    0.16389276815266632,
    0.8153391974992367,
    0.5291613687963374,
    0.30983478573513146,
    0.8268355756382587,
    0.025335712798970778,
    0.6475059709799856,
    0.6148391193985004,
    0.8461917066615543,
    0.8426747974817602,
    0.5206145920990106,
    0.0018819334719399783,
    0.728011904136472,
    0.44498235161677113,
    0.8265148710407715,
    0.7974767376470255,
    0.2987298102693522,
    0.5382150686814777,
    0.7539842753996499
  ],
  "val_precision": [
    0.11226603425576653,
    0.20915634001734484,
    0.6292736762322839,
    0.03580645785019186,
    0.37945321624386985,
    0.736021011169113,
    0.02069316868700223,
    0.16393765921189876,
    0.8936802483030549,
    0.541739770227673,
    0.31183503579061106,
    0.9778182099729863,
    0.025336763833943038,
    0.6751191245917411,
    0.6271998963564923,
    0.9157123834914876,
    0.8902011557807749,
    0.528844232070628,
    0.15447154700685217,
    0.7815495207730047,
    0.4636994044194486,
    0.9166467065896785,
    0.990825310623269,
    0.42006615216592985,
    0.5511445401778471,
    0.7872316822955452
  ],
  "val_recall": [
    0.9980651187617405,
    0.985922070990595,
    0.9130304243423729,
    0.9886242327198884,
    0.7912997064387743,
    0.9348812383261649,
    1.0,
    0.998331998932535,
    0.9029223378735347,
    0.957966373099881,
    0.9797171070196251,
    0.8426407792953483,
    0.9983653589538842,
    0.9405858019768953,
    0.968941820123801,
    0.9176674673099257,
    0.9404190018701488,
    0.9709767814261083,
    0.0019015212502701653,
    0.9139978649615026,
    0.9168334667761932,
    0.8936816119597785,
    0.8034093941885705,
    0.5084067253967038,
    0.9582332532706754,
    0.9469575660546118
  ]
}