{
  "train_loss": [
    0.7078345153066847,
    0.6377697432482684,
    0.5847542484601339,
    0.540947245226966,
    0.502988702721066,
    0.4674021270540025,
    0.4318875946380474,
    0.3959653311305576,
    0.3595423234833611,
    0.316184268505485,
    0.28159747300324617,
    0.24246407990102414,
    0.21346791143770572,
    0.178640848784535,
    0.1539011225104332,
    0.16431470380889046,
    0.13885833792112492,
    0.12509157039501048,
    0.11338736696375741,
    0.09875421419187828,
    0.10588164848309976,
    0.11689656572761359,
    0.10992272308579197,
    0.13406914858906357,
    0.09986590718229611,
    0.08254281120995681,
    0.08166014134056038,
    0.09597727863325013,
    0.07681422535743979,
    0.07759854473449566
  ],
  "val_dice": [
    0.14943393969214536,
    0.7164056258960952,
    0.5187402348935385,
    0.9312208821010142,
    0.7250694884707043,
    0.890222699304685,
    0.84488335969896,
    0.9168680898854326,
    0.8956662776084089,
    0.9376635900272479,
    0.8716362511618042,
    0.8652654371711852,
    0.9322833641533462,
    0.9465485644480665,
    0.9464855004526913,
    0.7607967264102999,
    0.7470683405898805,
    0.934124754890135,
    0.9535474773319962,
    0.9578622129443364,
    0.8839598672152972,
    0.8997956316276058,
    0.9009733466769585,
    0.9069771027691469,
    0.9552821128458836,
    0.9516173714666077,
    0.9499144881513166,
    0.9456786287617476,
    0.9503672684844106,
    0.9608257017973171
  ],
  "val_iou": [
    0.08075039464928761,
    0.5581246228206449,
    0.3502020692919848,
    0.8712940461764491,
    0.5687129470344481,
    0.8021633698489956,
    0.7314268795249963,
    0.8464971637580553,
    0.8110467510415064,
    0.8826428062023393,
    0.7724780701813785,
    0.7625267313781041,
    0.8731561660234949,
    0.898521310528059,
    0.8984076639297557,
    0.6139402167748823,
    0.5962562562643392,
    0.876392203663604,
    0.9112190535909991,
    0.9191320234648824,
    0.7920502509291751,
    0.8178440819696452,
    0.8197920805251029,
    0.8297878343350134,
    0.9143924159751543,
    0.9077004383402959,
    0.9046067938605675,
    0.8969548133629026,
    0.9054283845681678,
    0.9246049517009595
  ],
  "val_precision": [
    0.08075039464928761,
    0.5621746894198135,
    0.3519833234145089,
    0.9069149777118628,
    0.5713133020907686,
    0.8140293637898076,
    0.737467970253067,
    0.8608239875886263,
    0.8207806639860875,
    0.9690347380421044,
    0.780362370446492,
    0.9822427530097372,
    0.8927219440745903,
    0.9632200580203336,
    0.9678532826621159,
    0.6643260875061795,
    0.5985690455694964,
    0.9927903571028955,
    0.9376350327323325,
    0.9590956219285228,
    0.995280851952588,
    0.8628735913809752,
    0.9908759854339559,
    0.8432294503901135,
    0.9549000000015033,
    0.9301984771757559,
    0.9281008307098221,
    0.9798261616060441,
    0.9786512088230365,
    0.9574045245285878
  ],
  "val_recall": [
    1.0,
    0.9872564718445671,
    0.9857552708838486,
    0.9568654923953541,
    0.9920603149188664,
    0.982152388578124,
    0.9889244729120321,
    0.9807179076601041,
    0.9855884707771021,
    0.9082599412894229,
    0.9870896717378206,
    0.773185214846104,
    0.9755137443296132,
    0.9304443554867079,
    0.9260408326686002,
    0.8900453696327046,
    0.993561515879585,
    0.8820056044875232,
    0.9700093408069786,
    0.956631972245909,
    0.7950360288298961,
    0.9400186816139572,
    0.8260274886633965,
    0.981151587937645,
    0.9556645316267792,
    0.974045903390244,
    0.9727782225789706,
    0.9138310648547561,
    0.9236722711527998,
    0.9642714171348988
  ]
}