{
  "train_loss": [
    0.7337429148179514,
    0.6537870367368063,
    0.6120265258683099,
    0.5709365142716302,
    0.5321290117722971,
    0.4934895733992259,
    0.4592333248368016,
    0.42187409489243116,
    0.3858271627514451,
    0.3444714844226837,
    0.3054854803615146,
    0.2730469466359527,
    0.23863794875365715,
    0.2119639918760017,
    0.18158046570089129,
    0.1546301011134077,
    0.1411029017633862,
    0.12515894682319076,
    0.12608247705631787,
    0.10970317958681672,
    0.10584716043538517,
    0.1015759572662689,
    0.09308962123813452,
    0.08859860358966722,
    0.08188825735339413,
    0.07649905413941101,
    0.08334095010326968,
    0.09098484574092759,
    0.09160264277899707,
    0.08654488636939614
  ],
  "val_dice": [
    0.4442326311012058,
    0.2922580645195882,
    0.8000938202817356,
    0.7202919672305943,
    0.8780830495291913,
    0.922209587265208,
    0.8727603557460636,
    0.925778189331046,
    0.908710542221433,
    0.9109063705817638,
    0.9479605263166454,
    0.8854769544503933,
    0.9110083556435303,
    0.6694584773626372,
    0.8790719753177615,
    0.9466115283999221,
    0.9475975439402944,
    0.9520984623785057,
    0.9246306809283218,
    0.9551561212658659,
    0.946143559284702,
    0.9583685650342639,
    0.9436857055745584,
    0.9451181142545771,
    0.952650061250263,
    0.9548757758672627,
    0.9513433538459373,
    0.8872276289744686,
    0.9211804958844942,
    0.9505474867603966
  ],
  "val_iou": [
    0.2855392393407798,
    0.1711371363855529,
    0.6667969828059332,
    0.5628564866293524,
    0.7826631455777773,
    0.8556483490398654,
    0.7742456186660217,
    0.8618128771347453,
    0.8326943284816479,
    0.8363894030588735,
    0.9010693515133178,
    0.7944895872627,
    0.8365613826032013,
    0.5031473772022266,
    0.7842358795250586,
    0.8986347904147342,
    0.9004136568531081,
    0.9085762623663269,
    0.8598261681193541,
    0.9141615706496891,
    0.8977916941365263,
    0.9200649412688994,
    0.893375873597892,
    0.8959468609971319,
    0.9095814359706325,
    0.9136481136116734,
    0.9072019495957416,
    0.7973127767004949,
    0.8538782366954215,
    0.9057555961514054
  ],
  "val_precision": [
    0.2865927468233517,
    0.17121357889424585,
    0.6821871397387905,
    0.5690539311575933,
    0.8097343886485724,
    0.8869104463852959,
    0.9840891010348747,
    0.9928953399544349,
    0.8485023875025756,
    0.8627644022833986,
    0.9349208409053036,
    0.8041832343862906,
    0.8867936447807324,
    0.996766956980947,
    0.7914841329257537,
    0.9580443472630413,
    0.9234470968174683,
    0.9735062399786131,
    0.8724474696693564,
    0.9629114825249039,
    0.9868130275699448,
    0.9526352219930573,
    0.9092624091569735,
    0.9640217881565409,
    0.9332458638697799,
    0.979478724524521,
    0.9589858314704431,
    0.9171979059112789,
    0.8662983750149482,
    0.9264361264194554
  ],
  "val_recall": [
    0.9872898318659165,
    0.9973979183347546,
    0.9672738190563359,
    0.9810181478522478,
    0.9590338937830587,
    0.9604350146797292,
    0.784060581805976,
    0.8671603949870843,
    0.9781158259948587,
    0.964738457433789,
    0.9613690952775097,
    0.9850547104355133,
    0.9365825994149792,
    0.5039698425572469,
    0.9884574326131419,
    0.935448358689103,
    0.973045102749765,
    0.9316119562339334,
    0.9834534294107469,
    0.9475246864175498,
    0.9086936215669638,
    0.964171337070851,
    0.9808179877241521,
    0.9269415532450314,
    0.9728783026430184,
    0.9314785161485362,
    0.9438217240477775,
    0.8591539898632521,
    0.9834867894320961,
    0.9759474246071541
  ]
}