{
  "train_loss": [
    0.7045723370143345,
    0.6455959805420467,
    0.6198346444538662,
    0.5850058368274144,
    0.5527125469275883,
    0.5249025438513074,
    0.5008628559964043,
    0.47813047894409727,
    0.45631360369069235,
    0.4323259528194155,
    0.4086517585175378,
    0.3867895667042051,
    0.36556693485804964,
    0.3436643417392458,
    0.3172683428440775,
    0.2916816174983978,
    0.2663256323763302,
    0.24260804695742472,
    0.22161292071853364,
    0.2031041213444301
  ],
  "val_dice": [
    0.6776479601670629,
    0.28465214326410154,
    0.787397479500152,
    0.2562896808919508,
    0.8832866898044713,
    0.8430525711158213,
    0.926809808754504,
    0.9212464852573317,
    0.9562745844447081,
    0.8737610040607189,
    0.9386138613875857,
    0.9011174074349442,
    0.42463935801559716,
    0.8967320261461182,
    0.9060648032536486,
    0.9637272682720521,
    0.9750607815130196,
    0.9741637480337505,
    0.9689528506020995,
    0.8063169359269414
  ],
  "val_iou": [
    0.5124565469434399,
    0.16594426731129647,
    0.6493450790310025,
    0.1469795057636146,
    0.7909699667271756,
    0.7286870172957453,
    0.8636025713970524,
    0.85399164190022,
    0.916212799070404,
    0.775822012215955,
    0.8843283582140935,
    0.8200306507136631,
    0.26955056937848465,
    0.8127962085384541,
    0.8282618622679122,
    0.9299938508145313,
    0.9513352244961687,
    0.9496288965883409,
    0.9397755002469607,
    0.6754866180158324
  ],
  "val_precision": [
    0.5492424242564194,
    0.16596769506152917,
    0.6562958516854643,
    0.1469795057636146,
    0.7998215951100912,
    0.7337876375047669,
    0.8733029673252862,
    0.8606660587963759,
    0.9710354068973336,
    0.7850966328039412,
    0.8880363993269678,
    0.8270186724663929,
    0.26955056937848465,
    0.8163985554901346,
    0.8299846083518455,
    0.9452403846180173,
    0.9776828348842582,
    0.9892783505160165,
    0.9752836304712681,
    0.6757834950581229
  ],
  "val_recall": [
    0.8844115588498944,
    0.9991500849915433,
    0.9839516048403184,
    1.0,
    0.9862013798627036,
    0.9905509449059818,
    0.9873012698736475,
    0.9910008999104589,
    0.94195580442246,
    0.9850014998507648,
    0.9953004699532396,
    0.9898010198985201,
    1.0,
    0.9946005399462754,
    0.9975002499751274,
    0.9829517048303694,
    0.9724527547259048,
    0.9595040495970651,
    0.9627037296289019,
    0.9993500649935332
  ]
}