{
  "train_loss": [
    0.7045723370143345,
    0.6455959805420467
  ],
  "val_dice": [
    0.6776479601670629,
    0.28465214326410154
  ],
  "val_iou": [
    0.5124565469434399,
    0.16594426731129647
  ],
  "val_precision": [
    0.5492424242564194,
    0.16596769506152917
  ],
  "val_recall": [
    0.8844115588498944,
    0.9991500849915433
  ]
}